{
  "timestamp": 1766287915.112951,
  "dataset": "GSM8K",
  "model": "/inspire/ssd/project/advanced-machine-learning-and-deep-learning-applications/yangyi-253108120173/ssd/hyz/Fast-RL/rl_sdar_with_value/ckpt/optimized",
  "total_samples": 1319,
  "total_responses": 3957,
  "total_tokens": 661871,
  "total_generation_time_seconds": 391.18166045000544,
  "total_forwards": 285604,
  "tps": 1691.9786046170989,
  "tpf": 2.317443033010742,
  "mean_response_length": 167.26585797321204,
  "mean_forwards_per_sample": 72.17690169320193,
  "accuracy": 0.9085165529441496
}