{
  "timestamp": 1766201004.8290937,
  "dataset": "GSM8K",
  "model": "/inspire/ssd/project/advanced-machine-learning-and-deep-learning-applications/yangyi-253108120173/ssd/hyz/ckp/rl_sdar_with_value_8B_Math/ckpt/epoch-70-policy",
  "total_samples": 1319,
  "total_responses": 3957,
  "total_tokens": 599008,
  "total_generation_time_seconds": 975.683353362605,
  "total_forwards": 610878,
  "tps": 613.9368863223634,
  "tpf": 0.9805689515746189,
  "mean_response_length": 151.37932777356582,
  "mean_forwards_per_sample": 154.37907505686127,
  "accuracy": 0.9216578215820066
}