{
  "timestamp": 1766199698.557501,
  "dataset": "GSM8K",
  "model": "/inspire/ssd/project/advanced-machine-learning-and-deep-learning-applications/yangyi-253108120173/ssd/hyz/ckp/rl_sdar_with_value_8B_Math/ckpt/epoch-70-policy",
  "total_samples": 1319,
  "total_responses": 3957,
  "total_tokens": 592528,
  "total_generation_time_seconds": 415.7291802559048,
  "total_forwards": 215053,
  "tps": 1425.274020061006,
  "tpf": 2.7552649811906833,
  "mean_response_length": 149.7417235279252,
  "mean_forwards_per_sample": 54.347485468789486,
  "accuracy": 0.9155926206722265
}