{
  "timestamp": 1766296831.1584578,
  "dataset": "MATH500",
  "model": "/inspire/ssd/project/advanced-machine-learning-and-deep-learning-applications/yangyi-253108120173/ssd/hyz/base_model/SDAR-8B-Chat",
  "total_samples": 500,
  "total_responses": 1500,
  "total_tokens": 820656,
  "total_generation_time_seconds": 479.80186343792593,
  "total_forwards": 339549,
  "tps": 1710.4060291049118,
  "tpf": 2.4169000644973186,
  "mean_response_length": 547.104,
  "mean_forwards_per_sample": 226.366,
  "accuracy": 0.7153333333333334
}