{
  "timestamp": 1766286203.1147926,
  "dataset": "GSM8K",
  "model": "/inspire/ssd/project/advanced-machine-learning-and-deep-learning-applications/yangyi-253108120173/ssd/hyz/Fast-RL/rl_sdar_with_value/ckpt/epoch-10-policy",
  "total_samples": 1319,
  "total_responses": 3957,
  "total_tokens": 81029,
  "total_generation_time_seconds": 103.49161346297478,
  "total_forwards": 82508,
  "tps": 782.9523310020572,
  "tpf": 0.9820744655063751,
  "mean_response_length": 20.47738185494061,
  "mean_forwards_per_sample": 20.851149861005812,
  "accuracy": 0.11498610058124842
}