{
  "timestamp": 1766163381.2361197,
  "dataset": "GSM8K",
  "model": "/inspire/ssd/project/advanced-machine-learning-and-deep-learning-applications/yangyi-253108120173/ssd/hyz/ckp/rl_sdar_with_value_8B_Math/ckpt/epoch-70-policy",
  "total_samples": 1319,
  "total_responses": 3957,
  "total_tokens": 589087,
  "total_generation_time_seconds": 399.8925032597035,
  "total_forwards": 213491,
  "tps": 1473.1133872180326,
  "tpf": 2.7593060128998412,
  "mean_response_length": 148.87212534748548,
  "mean_forwards_per_sample": 53.95274197624463,
  "accuracy": 0.9196360879454132
}