{
  "timestamp": 1766287129.088293,
  "dataset": "GSM8K",
  "model": "/inspire/ssd/project/advanced-machine-learning-and-deep-learning-applications/yangyi-253108120173/ssd/hyz/base_model/SDAR-8B-Chat",
  "total_samples": 1319,
  "total_responses": 3957,
  "total_tokens": 731344,
  "total_generation_time_seconds": 889.4002006670926,
  "total_forwards": 743209,
  "tps": 822.2889981939031,
  "tpf": 0.9840354462876526,
  "mean_response_length": 184.8228455900935,
  "mean_forwards_per_sample": 187.82132928986607,
  "accuracy": 0.9042203689663887
}