{
  "timestamp": 1766287475.2113156,
  "dataset": "GSM8K",
  "model": "/inspire/ssd/project/advanced-machine-learning-and-deep-learning-applications/yangyi-253108120173/ssd/hyz/base_model/SDAR-8B-Chat",
  "total_samples": 1319,
  "total_responses": 3957,
  "total_tokens": 722690,
  "total_generation_time_seconds": 753.1492188731208,
  "total_forwards": 734548,
  "tps": 959.5575244455613,
  "tpf": 0.98385673911031,
  "mean_response_length": 182.63583522870863,
  "mean_forwards_per_sample": 185.63254991154915,
  "accuracy": 0.9077584028304271
}