{
  "timestamp": 1766297515.1071923,
  "dataset": "MATH500",
  "model": "/inspire/ssd/project/advanced-machine-learning-and-deep-learning-applications/yangyi-253108120173/ssd/hyz/base_model/SDAR-8B-Chat",
  "total_samples": 500,
  "total_responses": 1500,
  "total_tokens": 820078,
  "total_generation_time_seconds": 897.8891908150399,
  "total_forwards": 824561,
  "tps": 913.339873548975,
  "tpf": 0.9945631675521884,
  "mean_response_length": 546.7186666666666,
  "mean_forwards_per_sample": 549.7073333333333,
  "accuracy": 0.7133333333333334
}