{
  "timestamp": 1766163617.111924,
  "dataset": "GSM8K",
  "model": "/inspire/ssd/project/advanced-machine-learning-and-deep-learning-applications/yangyi-253108120173/ssd/hyz/ckp/rl_sdar_with_value_8B_Math/ckpt/epoch-70-policy",
  "total_samples": 1319,
  "total_responses": 3957,
  "total_tokens": 591044,
  "total_generation_time_seconds": 379.5452299490571,
  "total_forwards": 195171,
  "tps": 1557.2425981465515,
  "tpf": 3.0283392512207246,
  "mean_response_length": 149.3666919383371,
  "mean_forwards_per_sample": 49.32297194844579,
  "accuracy": 0.9112964366944655
}