{
  "timestamp": 1765978367.2324119,
  "dataset": "GSM8K",
  "model": "/inspire/ssd/project/advanced-machine-learning-and-deep-learning-applications/yangyi-253108120173/ssd/hyz/SDAR-4B-Chat-b64",
  "total_samples": 1319,
  "total_responses": 3957,
  "total_tokens": 647322,
  "total_generation_time_seconds": 587.4685465083458,
  "total_forwards": 220937,
  "tps": 1101.8836733428484,
  "tpf": 2.9298940421930233,
  "mean_response_length": 163.58908263836238,
  "mean_forwards_per_sample": 55.83447055850392,
  "accuracy": 0.8453373768006065
}