{
  "timestamp": 1766297094.1130922,
  "dataset": "MATH500",
  "model": "/inspire/ssd/project/advanced-machine-learning-and-deep-learning-applications/yangyi-253108120173/ssd/hyz/base_model/SDAR-8B-Chat",
  "total_samples": 500,
  "total_responses": 1500,
  "total_tokens": 822025,
  "total_generation_time_seconds": 514.8182867229916,
  "total_forwards": 364000,
  "tps": 1596.728440305593,
  "tpf": 2.2583104395604394,
  "mean_response_length": 548.0166666666667,
  "mean_forwards_per_sample": 242.66666666666666,
  "accuracy": 0.7273333333333334
}