{
  "timestamp": 1765978064.8969843,
  "dataset": "GSM8K",
  "model": "/inspire/ssd/project/advanced-machine-learning-and-deep-learning-applications/yangyi-253108120173/ssd/hyz/SDAR-4B-Chat-b16",
  "total_samples": 1319,
  "total_responses": 3957,
  "total_tokens": 622666,
  "total_generation_time_seconds": 326.3861213559285,
  "total_forwards": 218781,
  "tps": 1907.7588146616513,
  "tpf": 2.8460698141063436,
  "mean_response_length": 157.3580995703816,
  "mean_forwards_per_sample": 55.289613343442,
  "accuracy": 0.8109679049785191
}