{
  "timestamp": 1765977835.311369,
  "dataset": "GSM8K",
  "model": "/inspire/ssd/project/advanced-machine-learning-and-deep-learning-applications/yangyi-253108120173/ssd/hyz/SDAR-4B-Chat-b32",
  "total_samples": 1319,
  "total_responses": 3957,
  "total_tokens": 670066,
  "total_generation_time_seconds": 418.77759474888444,
  "total_forwards": 232547,
  "tps": 1600.0521718498287,
  "tpf": 2.881421820105183,
  "mean_response_length": 169.33687136719738,
  "mean_forwards_per_sample": 58.76851149861006,
  "accuracy": 0.8663128632802628
}