{
  "timestamp": 1765978505.8410437,
  "dataset": "GSM8K",
  "model": "/inspire/ssd/project/advanced-machine-learning-and-deep-learning-applications/yangyi-253108120173/ssd/hyz/SDAR-4B-Chat-b8",
  "total_samples": 1319,
  "total_responses": 3957,
  "total_tokens": 713705,
  "total_generation_time_seconds": 423.62306657712907,
  "total_forwards": 292392,
  "tps": 1684.764254616092,
  "tpf": 2.4409183561793757,
  "mean_response_length": 180.3651756381097,
  "mean_forwards_per_sample": 73.8923426838514,
  "accuracy": 0.849128127369219
}