{
  "timestamp": 1765977727.45779,
  "dataset": "GSM8K",
  "model": "/inspire/ssd/project/advanced-machine-learning-and-deep-learning-applications/yangyi-253108120173/ssd/hyz/SDAR-4B-Chat-b32",
  "total_samples": 1319,
  "total_responses": 3957,
  "total_tokens": 703747,
  "total_generation_time_seconds": 290.9876548303291,
  "total_forwards": 153879,
  "tps": 2418.4771701409295,
  "tpf": 4.5733790835656585,
  "mean_response_length": 177.84862269396007,
  "mean_forwards_per_sample": 38.887793783169066,
  "accuracy": 0.8043972706595905
}