{
  "timestamp": 1766040213.1141746,
  "dataset": "GSM8K",
  "model": "/inspire/ssd/project/advanced-machine-learning-and-deep-learning-applications/yangyi-253108120173/ssd/hyz/ckp/rl_sdar_with_value_b=16/ckpt/epoch-10-policy",
  "total_samples": 1319,
  "total_responses": 3957,
  "total_tokens": 681701,
  "total_generation_time_seconds": 269.2941875588149,
  "total_forwards": 180204,
  "tps": 2531.435996371492,
  "tpf": 3.7829404452731348,
  "mean_response_length": 172.27723022491787,
  "mean_forwards_per_sample": 45.54056103108415,
  "accuracy": 0.8827394490775841
}