{
  "timestamp": 1766287780.9964058,
  "dataset": "GSM8K",
  "model": "/inspire/ssd/project/advanced-machine-learning-and-deep-learning-applications/yangyi-253108120173/ssd/hyz/base_model/SDAR-8B-Chat",
  "total_samples": 1319,
  "total_responses": 3957,
  "total_tokens": 720496,
  "total_generation_time_seconds": 500.8327307320433,
  "total_forwards": 387280,
  "tps": 1438.596073676905,
  "tpf": 1.8604007436480066,
  "mean_response_length": 182.08137477887288,
  "mean_forwards_per_sample": 97.87212534748546,
  "accuracy": 0.904725802375537
}