{
  "timestamp": 1766200526.4213228,
  "dataset": "GSM8K",
  "model": "/inspire/ssd/project/advanced-machine-learning-and-deep-learning-applications/yangyi-253108120173/ssd/hyz/ckp/rl_sdar_with_value_8B_Math/ckpt/epoch-70-policy",
  "total_samples": 1319,
  "total_responses": 3957,
  "total_tokens": 603455,
  "total_generation_time_seconds": 454.14517179876566,
  "total_forwards": 188893,
  "tps": 1328.7711451601524,
  "tpf": 3.1946922331690426,
  "mean_response_length": 152.50315895880718,
  "mean_forwards_per_sample": 47.73641647712914,
  "accuracy": 0.898913318170331
}