{
  "timestamp": 1766076883.1086314,
  "dataset": "GSM8K",
  "model": "/inspire/ssd/project/advanced-machine-learning-and-deep-learning-applications/yangyi-253108120173/ssd/hyz/Fast-RL/rl_sdar_with_value/ckpt/epoch-10-policy",
  "total_samples": 1319,
  "total_responses": 3957,
  "total_tokens": 939529,
  "total_generation_time_seconds": 483.44734290987253,
  "total_forwards": 241670,
  "tps": 1943.3946918499316,
  "tpf": 3.8876525841022884,
  "mean_response_length": 237.43467273186758,
  "mean_forwards_per_sample": 61.07404599444023,
  "accuracy": 0.8483699772554966
}