{
  "timestamp": 1766022789.420786,
  "dataset": "GSM8K",
  "model": "/inspire/ssd/project/advanced-machine-learning-and-deep-learning-applications/yangyi-253108120173/ssd/hyz/Fast-RL/rl_sdar_with_value/ckpt/epoch-10-policy",
  "total_samples": 1319,
  "total_responses": 3957,
  "total_tokens": 821317,
  "total_generation_time_seconds": 437.346692297142,
  "total_forwards": 288815,
  "tps": 1877.954068169746,
  "tpf": 2.843747727784222,
  "mean_response_length": 207.56052565074552,
  "mean_forwards_per_sample": 72.98837503158958,
  "accuracy": 0.8407884761182715
}