{
  "timestamp": 1765507007.5118542,
  "dataset": "GSM8K",
  "model": "/inspire/ssd/project/advanced-machine-learning-and-deep-learning-applications/yangyi-253108120173/ssd/hyz/SDAR-4B-Chat-b16",
  "total_samples": 1319,
  "total_responses": 3957,
  "total_tokens": 624089,
  "total_generation_time_seconds": 341.87992007052526,
  "total_forwards": 217338,
  "tps": 1825.4625772442523,
  "tpf": 2.8715134951090007,
  "mean_response_length": 157.71771544099064,
  "mean_forwards_per_sample": 54.92494313874147,
  "accuracy": 0.8026282537275714
}