{
  "timestamp": 1766296944.6972322,
  "dataset": "MATH500",
  "model": "/inspire/ssd/project/advanced-machine-learning-and-deep-learning-applications/yangyi-253108120173/ssd/hyz/base_model/SDAR-8B-Chat",
  "total_samples": 500,
  "total_responses": 1500,
  "total_tokens": 838492,
  "total_generation_time_seconds": 460.8286156220129,
  "total_forwards": 288054,
  "tps": 1819.5311045695985,
  "tpf": 2.9108847646621814,
  "mean_response_length": 558.9946666666667,
  "mean_forwards_per_sample": 192.036,
  "accuracy": 0.7053333333333334
}