{
  "timestamp": 1766801010.8348713,
  "dataset": "MATH500",
  "model": "/inspire/ssd/project/advanced-machine-learning-and-deep-learning-applications/yangyi-253108120173/ssd/hyz/base_model/SDAR-8B-Chat",
  "total_samples": 500,
  "total_responses": 1500,
  "total_tokens": 838181,
  "total_generation_time_seconds": 141.26936979405582,
  "total_forwards": 335087,
  "tps": 5933.211149889819,
  "tpf": 2.5013832228645096,
  "mean_response_length": 558.7873333333333,
  "mean_forwards_per_sample": 223.39133333333334,
  "accuracy": 0.73
}