{
  "timestamp": 1765506795.9458094,
  "dataset": "GSM8K",
  "model": "/inspire/ssd/project/advanced-machine-learning-and-deep-learning-applications/yangyi-253108120173/ssd/hyz/Fast-RL/rl_sdar_with_value/ckpt/epoch-10-policy",
  "total_samples": 1319,
  "total_responses": 3957,
  "total_tokens": 770463,
  "total_generation_time_seconds": 404.34728875616565,
  "total_forwards": 326667,
  "tps": 1905.4486611498312,
  "tpf": 2.3585577973900027,
  "mean_response_length": 194.70887035633055,
  "mean_forwards_per_sample": 82.55420773313116,
  "accuracy": 0.8036391205458681
}