{
  "timestamp": 1766286392.227874,
  "dataset": "GSM8K",
  "model": "/inspire/ssd/project/advanced-machine-learning-and-deep-learning-applications/yangyi-253108120173/ssd/hyz/Fast-RL/rl_sdar_with_value/ckpt/epoch-10-policy",
  "total_samples": 1319,
  "total_responses": 3957,
  "total_tokens": 648002,
  "total_generation_time_seconds": 728.7605389109813,
  "total_forwards": 659847,
  "tps": 889.1837104247408,
  "tpf": 0.9820488689044582,
  "mean_response_length": 163.76092999747283,
  "mean_forwards_per_sample": 166.7543593631539,
  "accuracy": 0.9120545868081881
}