{
  "timestamp": 1766152719.169931,
  "dataset": "GSM8K",
  "model": "/inspire/ssd/project/advanced-machine-learning-and-deep-learning-applications/yangyi-253108120173/ssd/hyz/Fast-RL/rl_sdar_with_value/ckpt/epoch-10-policy",
  "total_samples": 1319,
  "total_responses": 3957,
  "total_tokens": 1217107,
  "total_generation_time_seconds": 536.1822340027429,
  "total_forwards": 354004,
  "tps": 2269.9502572361876,
  "tpf": 3.4381165184574187,
  "mean_response_length": 307.58327015415716,
  "mean_forwards_per_sample": 89.46272428607531,
  "accuracy": 0.8435683598685874
}